t,sx,sy,valid,aoi
0,437.891,-247.954,1,offscreen
17,443.667,-264.148,1,offscreen
33,530.206,-174.077,1,offscreen
50,466.865,-198.753,1,offscreen
67,399.172,-175.144,1,offscreen
83,341.52,-180.692,1,offscreen
100,267.672,-158.491,1,offscreen
117,234.784,-117.275,1,offscreen
133,297.164,-134.706,1,offscreen
150,401.873,-99.754,1,offscreen
167,235.565,35.995,1,am_bg
183,209.602,63.943,1,am_distractors
200,230.368,143.403,1,am_activity
217,244.272,167.092,1,am_bg
233,374.611,121.198,1,am_bg
250,236.674,134.774,1,am_activity
267,59.06,118.505,1,am_a1body
283,,,0,invalid
300,,,0,invalid
317,213.021,77.963,1,am_bg
333,224.793,25.768,1,am_activity
350,241.478,159.144,1,am_bg
367,200.624,198.927,1,am_distractors
383,210.351,210.962,1,am_bg
400,234.691,215.388,1,am_activity
417,372.96,274.597,1,am_bg
433,439.055,376.807,1,am_distractors
450,558.375,410.544,1,am_distractors
467,466.204,416.512,1,am_bg
483,442.385,489.032,1,am_bg
500,459.004,496.042,1,am_distractors
517,327.213,517.479,1,am_distractors
533,408.291,566.773,1,am_a1body
550,452.347,547.741,1,am_a1body
567,427.16,445.518,1,am_distractors
583,414.583,424.093,1,am_bg
600,500.6,462.159,1,am_activity
617,446.032,496.755,1,am_bg
633,534.815,562.874,1,am_bg
650,517.525,543.332,1,am_a1body
667,,,0,invalid
683,575.339,630.298,1,am_a1body
700,728.54,660.062,1,am_a1body
717,667.664,704.559,1,am_distractors
733,628.336,636.52,1,am_distractors
750,525.013,587.035,1,am_bg
767,449.773,535.915,1,am_bg
783,498.695,588.715,1,am_activity
800,608.469,573.673,1,am_bg
817,665.167,673.52,1,am_bg
833,664.797,673.686,1,am_a1body
850,603.494,601.23,1,am_a1body
867,665.127,568.117,1,am_a1body
883,600.051,573.897,1,am_a1body
900,507.511,599.267,1,am_a1body
917,486.349,550.769,1,am_activity
933,346.818,578.764,1,am_activity
950,252.052,619.91,1,am_activity
967,381.434,588.347,1,am_a1body
983,273.949,685.316,1,am_distractors
1000,192.44,659.086,1,am_a1body
1017,197.368,609.848,1,am_a1body
1033,205.868,534.542,1,am_activity
1050,189.772,594.652,1,am_a1body
1067,52.337,595.779,1,am_activity
1083,110.545,572.176,1,am_a1body
1100,80.151,499.583,1,am_bg
1117,163.876,480.415,1,am_distractors
1133,119.64,597.688,1,am_distractors
1150,187.041,492.084,1,am_activity
1167,275.954,460.978,1,am_bg
1183,243.921,549.263,1,am_distractors
1200,304.322,610.768,1,am_activity
1217,213.181,582.668,1,am_a1body
1233,,,0,invalid
1250,315.118,615.491,1,am_a1body
1267,350.687,622.081,1,am_bg
1283,515.758,709.955,1,am_distractors
1300,555.16,726.686,1,am_a1body
1317,530.102,782.604,1,am_activity
1333,724.991,791.547,1,am_a1body
1350,837.066,691.463,1,am_a1body
1367,727.104,632.744,1,am_distractors
1383,673.309,584.244,1,am_distractors
1400,602.09,571.968,1,am_activity
1417,646.381,674.318,1,am_bg
1433,685.563,692.165,1,am_bg
1450,724.217,686.955,1,am_a1body
1467,612.402,747.947,1,am_activity
1483,568.628,676.45,1,am_bg
1500,558.387,652.336,1,am_bg
1517,433.4,620.951,1,am_a1body
1533,373.591,640.552,1,am_activity
1550,466.645,684.667,1,am_bg
1567,360.033,707.885,1,am_distractors
1583,459.866,731.883,1,am_distractors
1600,534.721,714.1,1,am_a1body
1617,514.776,729.896,1,am_a1body
1633,470.262,688.538,1,am_a1body
1650,527.327,721.736,1,am_a1body
1667,473.286,697.084,1,am_bg
1683,422.659,641.856,1,am_activity
1700,421.021,643.718,1,am_a1body
1717,274.884,549.508,1,am_a1body
1733,175.413,622.113,1,am_bg
1750,153.758,661.365,1,am_a1body
1767,186.391,677.959,1,am_a1body
1783,131.402,598.002,1,am_activity
1800,117.846,563.521,1,am_distractors
1817,7.16,565.519,1,am_a1body
1833,71.13,552.562,1,am_bg
1850,86.228,469.41,1,am_activity
1867,107.394,404.583,1,am_bg
1883,140.889,390.642,1,am_activity
1900,146.249,327.448,1,am_activity
1917,113.061,394.981,1,am_a1body
1933,190.558,419.334,1,am_a1body
1950,201.32,379.768,1,am_a1body
1967,189.951,437.342,1,am_distractors
1983,189.357,484.996,1,am_distractors
2000,187.302,499.226,1,am_bg
2017,,,0,invalid
2033,205.848,482.578,1,am_a1body
2050,141.646,455.989,1,am_distractors
2067,82.457,390.16,1,am_a1body
2083,120.824,465.421,1,am_distractors
2100,110.86,439.789,1,am_distractors
2117,177.499,441.178,1,am_activity
2133,205.549,396.353,1,am_a1body
2150,,,0,invalid
2167,207.09,523.961,1,am_a1body
2183,289.22,488.21,1,am_distractors
2200,319.883,559.545,1,am_a1body
2217,365.543,558.176,1,am_distractors
2233,353.76,591.659,1,am_a1body
2250,421.884,652.948,1,am_activity
2267,382.047,666.355,1,am_a1body
2283,405.272,649.036,1,am_activity
2300,581.544,639.872,1,am_bg
2317,618.513,632.366,1,am_a1body
2333,589.651,724.175,1,am_a1body
2350,560.613,651.091,1,am_a1body
2367,555.718,563.892,1,am_activity
2383,614.115,479.977,1,am_a1body
2400,624.116,435.956,1,am_a1body
2417,579.626,470.431,1,am_distractors
2433,535.014,507.927,1,am_bg
2450,545.445,478.011,1,am_activity
2467,548.354,476.608,1,am_distractors
2483,579.566,421.636,1,am_activity
2500,642.507,371.232,1,am_distractors
2517,829.608,399.787,1,am_bg
2533,,,0,invalid
2550,776.43,427.899,1,am_distractors
2567,783.174,508.414,1,am_activity
2583,656.633,555.965,1,am_a1body
2600,742.353,634.349,1,am_a1body
2617,,,0,invalid
2633,826.115,694.414,1,am_bg
2650,709.532,801.745,1,am_activity
2667,694.411,781.43,1,am_activity
2683,620.376,773.838,1,am_activity
2700,768.768,727.169,1,am_bg
2717,847.286,670.823,1,am_a1body
2733,,,0,invalid
2750,695.155,575.091,1,am_distractors
2767,708.467,588.62,1,am_bg
2783,783.409,550.741,1,am_distractors
2800,664.382,562.765,1,am_a1body
2817,600.46,575.807,1,am_bg
2833,524.615,552.656,1,am_a1body
2850,584.089,549.571,1,am_distractors
2867,558.718,523.575,1,am_activity
2883,536.221,508.273,1,am_activity
2900,548.203,468.441,1,am_distractors
2917,487.952,472.582,1,am_activity
2933,388.912,443.009,1,am_distractors
2950,482.875,385.587,1,am_bg
2967,583.204,414.81,1,am_bg
2983,595.524,445.7,1,am_bg
3000,612.822,500.445,1,am_activity
3017,699.33,449.999,1,am_a1body
3033,710.076,426.316,1,am_activity
3050,681.327,437.667,1,am_activity
3067,684.025,412.944,1,am_a1body
3083,779.599,441.058,1,am_a1body
3100,783.257,465.579,1,am_a1body
3117,737.336,489.181,1,am_a1body
3133,747.421,561.062,1,am_activity
3150,792.439,592.779,1,am_distractors
3167,829.227,600.357,1,am_bg
3183,867.151,590.827,1,am_distractors
3200,810.44,584.727,1,am_activity
3217,863.27,532.321,1,am_a1body
3233,865.223,445.369,1,am_bg
3250,816.393,468.207,1,am_bg
3267,868.678,528.464,1,am_distractors
3283,837.558,512.208,1,am_activity
3300,729.558,590.363,1,am_activity
3317,660.915,581.671,1,am_activity
3333,648.455,485.459,1,am_bg
3350,688.127,530.677,1,am_distractors
3367,628.851,507.075,1,am_bg
3383,612.341,556.752,1,am_bg
3400,528.879,493.841,1,am_a1body
3417,596.248,514.131,1,am_distractors
3433,714.06,474.713,1,am_a1body
3450,824.46,484.631,1,am_activity
3467,890.659,522.382,1,am_bg
3483,949.829,548.699,1,am_distractors
3500,807.694,552.115,1,am_activity
3517,819.849,484.233,1,am_distractors
3533,785.816,520.199,1,am_bg
3550,846.217,570.991,1,am_distractors
3567,672.134,519.629,1,am_activity
3583,685.372,475.505,1,am_a1body
3600,670.66,528.371,1,am_bg
3617,747.387,518.107,1,am_a1body
3633,853.581,475.258,1,am_bg
3650,789.861,488.68,1,am_activity
3667,729.237,457.236,1,am_bg
3683,745.049,465.167,1,am_a1body
3700,863.988,444.819,1,am_bg
3717,868.114,428.691,1,am_activity
3733,780.362,483.372,1,am_bg
3750,738.798,361.811,1,am_a1body
3767,752.701,389.129,1,am_activity
3783,769.179,435.687,1,am_a1body
3800,720.878,405.057,1,am_bg
3817,677.948,451.237,1,am_distractors
3833,610.61,404.01,1,am_a1body
3850,688.897,371.51,1,am_bg
3867,631.63,333.337,1,am_distractors
3883,599.744,380.183,1,am_distractors
3900,565.906,294.254,1,am_activity
3917,455.735,375.022,1,am_distractors
3933,396.503,360.006,1,am_a1body
3950,,,0,invalid
3967,397.796,416.323,1,am_a1body
3983,331.689,423.77,1,am_distractors
4000,240.274,394.19,1,am_bg
4017,234.058,455.369,1,am_a1body
4033,363.404,430.016,1,am_a1body
4050,354.301,394.006,1,am_activity
4067,358.881,437.228,1,am_bg
4083,304.312,444.406,1,am_distractors
4100,300.085,511.271,1,am_bg
4117,384.4,508.185,1,am_activity
4133,394.204,476.133,1,am_activity
4150,540.447,489.662,1,am_bg
4166,626.849,467.62,1,am_activity
4183,620.928,436.994,1,am_activity
4200,613.671,477.959,1,am_activity
4216,725.555,568.153,1,am_bg
4233,734.976,556.016,1,am_activity
4250,831.63,508.016,1,am_distractors
4266,969.033,500.459,1,am_distractors
4283,955.023,525.81,1,am_a1body
4300,979.168,538.489,1,am_distractors
4316,1046.398,597.299,1,am_a1body
4333,1099.049,630.051,1,am_bg
4350,1151.22,575.714,1,am_activity
4366,1059.742,551.421,1,am_distractors
4383,1001.539,483.422,1,am_a1body
4400,967.563,539.791,1,am_bg
4416,1050.874,441.702,1,am_a1body
4433,966.125,378.505,1,am_activity
4450,1070.621,353.302,1,am_distractors
4466,1124.119,381.072,1,am_bg
4483,1203.301,355.383,1,am_a1body
4500,1139.534,337.398,1,am_bg
4516,1144.494,320.382,1,am_a1body
4533,1165.002,328.891,1,am_a1body
4550,1182.493,268.788,1,am_activity
4566,1202.776,222.144,1,am_activity
4583,1183.805,304.92,1,am_a1body
4600,1193.081,324.736,1,am_distractors
4616,1263.985,362.201,1,am_bg
4633,1183.96,365.058,1,am_bg
4650,1290.091,358.15,1,am_activity
4666,1357.45,380.661,1,am_distractors
4683,1291.236,416.492,1,am_a1body
4700,1317.568,458.157,1,am_activity
4716,1379.412,451.924,1,am_a1body
4733,1294.669,498.971,1,am_a1body
4750,,,0,invalid
4766,1292.162,421.464,1,am_activity
4783,1247.874,400.441,1,am_distractors
4800,1254.21,427.692,1,am_bg
4816,1213.03,395.717,1,am_activity
4833,1307.309,330.384,1,am_distractors
4850,1264.321,347.113,1,am_a1body
4866,1318.652,273.171,1,am_activity
4883,1205.089,253.489,1,am_bg
4900,,,0,invalid
4916,1194.834,204.862,1,am_bg
4933,1181.505,244.12,1,am_a1body
4950,1154.317,219.998,1,am_activity
4966,1108.524,235.489,1,am_bg
4983,1160.287,271.898,1,am_activity
5000,1228.851,241.994,1,am_bg
5016,1223.215,212.804,1,am_a1body
5033,1147.984,280.236,1,am_a1body
5050,1271.052,276.326,1,am_activity
5066,1210.696,301.399,1,am_distractors
5083,1110.577,326.098,1,am_distractors
5100,972.508,267.104,1,am_a1body
5116,979.331,229.635,1,am_bg
5133,964.416,248.118,1,am_distractors
5150,1035.141,146.315,1,am_a1body
5166,1077.062,135.91,1,am_bg
5183,1096.971,93.299,1,am_bg
5200,1078.354,147.985,1,am_distractors
5216,1154.501,165.03,1,am_a1body
5233,1282.607,223.692,1,am_bg
5250,1351.824,221.765,1,am_bg
5266,1320.025,216.157,1,am_activity
5283,1373.642,201.141,1,am_activity
5300,1346.058,176.367,1,am_distractors
5316,1270.249,308.572,1,am_activity
5333,1208.573,348.32,1,am_a1body
5350,,,0,invalid
5366,1191.133,425.787,1,am_distractors
5383,,,0,invalid
5400,1272.007,421.659,1,am_distractors
5416,1362.801,467.929,1,am_activity
5433,1341.036,392.194,1,am_bg
5450,1202.709,351.453,1,am_a1body
5466,1168.015,432.615,1,am_a1body
5483,1248.738,421.544,1,am_a1body
5500,1272.383,470.723,1,am_distractors
5516,1300.129,448.392,1,am_a1body
5533,1391.267,443.711,1,am_bg
5550,1320.173,531.625,1,am_bg
5566,1248.021,553.17,1,am_activity
5583,1092.725,536.188,1,am_a1body
5600,,,0,invalid
5616,1191.482,473.39,1,am_distractors
5633,1241.147,534.529,1,am_activity
5650,,,0,invalid
5666,1049.936,515.66,1,am_bg
5683,959.408,519.953,1,am_a1body
5700,896.118,516.663,1,am_bg
5716,1002.723,532.228,1,am_activity
5733,1071.333,502.506,1,am_bg
5750,1039.898,556.567,1,am_a1body
5766,1060.427,556.501,1,am_a1body
5783,1013.891,574.89,1,am_activity
5800,1038.881,536.249,1,am_a1body
5816,960.806,500.088,1,am_bg
5833,1012.274,630.956,1,am_bg
5850,953.983,719.599,1,am_distractors
5866,1009.27,716.168,1,am_distractors
5883,979.948,791.66,1,am_distractors
5900,925.748,851.38,1,am_bg
5916,1036.402,820.592,1,am_bg
5933,1048.541,784.893,1,am_activity
5950,1026.439,817.822,1,am_distractors
5966,1078.451,830.628,1,am_bg
5983,986.525,810.832,1,am_activity
6000,1062.458,846.348,1,am_bg
6016,1052.892,775.314,1,am_activity
6033,1094.107,780.977,1,am_distractors
6050,987.92,719.967,1,am_distractors
6066,961.685,660.579,1,am_distractors
6083,961.999,625.775,1,am_bg
6100,1032.68,643.665,1,am_bg
6116,1079.357,610.413,1,am_activity
6133,1052.432,550.428,1,am_a1body
6150,1074.244,573.93,1,am_a1body
6166,1160.447,647.439,1,am_distractors
6183,1146.727,678.899,1,am_a1body
6200,1125.539,767.627,1,am_distractors
6216,,,0,invalid
6233,976.757,813.018,1,am_activity
6250,857.416,844.149,1,am_a1body
6266,849.572,839.636,1,am_a1body
6283,,,0,invalid
6300,771.949,887.418,1,am_distractors
6316,856.618,848.579,1,am_activity
6333,833.964,916.211,1,am_a1body
6350,832.1,931.861,1,am_a1body
6366,797.633,899.186,1,am_a1body
6383,680.103,874.626,1,am_activity
6400,626.388,841.637,1,am_activity
6416,,,0,invalid
6433,,,0,invalid
6450,586.107,787.16,1,am_a1body
6466,595.8,790.315,1,am_distractors
6483,589.915,768.735,1,am_distractors
6500,,,0,invalid
6516,568.725,743.368,1,am_a1body
6533,612.919,758.444,1,am_activity
6550,572.638,751.414,1,am_a1body
6566,585.975,703.638,1,am_activity
6583,656.215,721.585,1,am_a1body
6600,587.936,710.764,1,am_activity
6616,428.631,772.175,1,am_bg
6633,474.649,814.922,1,am_distractors
6650,646.357,908.789,1,am_bg
6666,645.852,884.988,1,am_distractors
6683,659.705,953.76,1,am_activity
6700,639.412,896.349,1,am_bg
6716,748.356,890.9,1,am_distractors
6733,743.021,867.99,1,am_a1body
6750,730.223,897.657,1,am_activity
6766,792.71,926.133,1,am_activity
6783,759.488,881.783,1,am_a1body
6800,671.356,914.195,1,am_a1body
6816,731.883,895.458,1,am_distractors
6833,691.302,855.236,1,am_activity
6850,624.384,854.655,1,am_distractors
6866,768.45,781.929,1,am_a1body
6883,756.198,827.791,1,am_activity
6900,790.103,825.052,1,am_a1body
6916,792.129,823.39,1,am_distractors
6933,731.326,819.097,1,am_distractors
6950,778.622,900.196,1,am_distractors
6966,800.203,974.992,1,am_activity
6983,754.968,1041.509,1,am_a1body
7000,784.686,1037.321,1,am_a1body
7016,749.403,982.383,1,am_distractors
7033,673.633,981.596,1,am_distractors
7050,590.922,997.079,1,am_distractors
7066,609.449,1037.095,1,am_distractors
7083,583.193,1052.419,1,offscreen
7100,686.212,1001.87,1,am_bg
7116,683.265,975.504,1,am_bg
7133,629.399,944.67,1,am_bg
7150,640.225,971.215,1,am_distractors
7166,551.436,998.969,1,am_distractors
7183,545.665,1033.176,1,am_a1body
7200,567.56,1048.001,1,am_activity
7216,580.984,946.597,1,am_a1body
7233,670.358,861.608,1,am_bg
7250,848.552,854.704,1,am_a1body
7266,894.611,859.534,1,am_distractors
7283,975.478,921.27,1,am_bg
7300,1149.964,925.101,1,am_bg
7316,1080.935,877.041,1,am_activity
7333,1089.897,909.649,1,am_activity
7350,1057.105,908.799,1,am_bg
7366,1114.913,889.0,1,am_bg
7383,1133.547,809.49,1,am_a1body
7400,1077.401,813.685,1,am_bg
7416,1078.152,824.953,1,am_distractors
7433,1149.972,775.899,1,am_a1body
7450,1060.535,812.554,1,am_distractors
7466,1005.836,844.799,1,am_distractors
7483,940.851,847.208,1,am_distractors
7500,,,0,invalid
7516,1048.344,894.372,1,am_bg
7533,910.473,912.471,1,am_activity
7550,916.948,877.889,1,am_activity
7566,853.545,868.156,1,am_distractors
7583,922.518,895.578,1,am_bg
7600,906.261,795.497,1,am_a1body
7616,915.226,749.625,1,am_distractors
7633,915.134,783.216,1,am_a1body
7650,992.257,842.747,1,am_a1body
7666,1132.797,893.028,1,am_bg
7683,1054.957,937.017,1,am_bg
7700,989.61,943.406,1,am_activity
7716,1011.665,892.739,1,am_activity
7733,955.659,883.056,1,am_bg
7750,1019.704,784.899,1,am_distractors
7766,,,0,invalid
7783,1057.266,808.711,1,am_activity
7800,1004.886,782.446,1,am_a1body
7816,,,0,invalid
7833,,,0,invalid
7850,1014.77,696.495,1,am_distractors
7866,860.223,709.691,1,am_a1body
7883,793.854,735.317,1,am_bg
7900,766.132,731.786,1,am_a1body
7916,711.457,729.861,1,am_distractors
7933,514.934,792.322,1,am_bg
7950,385.388,823.657,1,am_distractors
7966,295.838,848.336,1,am_a1body
7983,287.93,886.533,1,am_distractors
8000,258.005,871.73,1,am_bg
8016,214.679,978.746,1,am_a1body
8033,269.321,865.114,1,am_a1body
8050,323.937,936.908,1,am_activity
8066,334.222,981.332,1,am_activity
8083,,,0,invalid
8100,283.694,997.499,1,am_distractors
8116,233.135,989.839,1,am_activity
8133,115.987,1044.178,1,am_activity
8150,98.785,1042.215,1,am_activity
8166,152.689,1006.37,1,am_activity
8183,245.598,1050.788,1,offscreen
8200,228.806,1128.829,1,offscreen
8216,262.535,1033.926,1,am_bg
8233,66.609,1150.0,1,offscreen
8250,36.91,1098.947,1,offscreen
8266,5.602,1051.658,1,offscreen
8283,107.899,990.354,1,am_bg
8300,134.855,990.396,1,am_activity
8316,168.762,927.377,1,am_distractors
8333,199.106,870.339,1,am_bg
8350,202.224,836.432,1,am_activity
8366,307.346,843.25,1,am_bg
8383,149.2,854.815,1,am_a1body
8400,159.231,915.937,1,am_bg
8416,236.737,975.924,1,am_bg
8433,106.984,1026.38,1,am_distractors
8450,164.467,1013.497,1,am_bg
8466,112.25,922.829,1,am_distractors
8483,119.783,831.072,1,am_a1body
8500,66.249,881.189,1,am_activity
8516,132.049,922.739,1,am_distractors
8533,112.267,892.37,1,am_bg
8550,170.29,821.422,1,am_bg
8566,200.154,769.855,1,am_distractors
8583,145.699,778.458,1,am_a1body
8600,,,0,invalid
8616,134.605,838.492,1,am_activity
8633,139.004,816.314,1,am_bg
8650,117.971,804.297,1,am_a1body
8666,179.707,859.713,1,am_activity
8683,216.774,755.064,1,am_activity
8700,214.666,770.696,1,am_bg
8716,167.625,754.237,1,am_distractors
8733,80.57,789.337,1,am_bg
8750,89.877,814.58,1,am_bg
8766,46.501,780.291,1,am_bg
8783,-82.333,755.307,1,offscreen
8800,-173.575,641.948,1,offscreen
8816,-62.038,678.881,1,offscreen
8833,-107.313,690.688,1,offscreen
8850,-33.075,759.557,1,offscreen
8866,-57.542,739.889,1,offscreen
8883,27.495,784.915,1,am_a1body
8900,107.565,732.227,1,am_distractors
8916,50.921,599.031,1,am_a1body
8933,-85.458,594.377,1,offscreen
8950,-216.029,566.471,1,offscreen
8966,-271.504,514.724,1,offscreen
8983,-141.872,558.951,1,offscreen
9000,-170.037,618.45,1,offscreen
9016,-160.073,623.641,1,offscreen
9033,-70.662,614.653,1,offscreen
9050,-63.094,617.741,1,offscreen
9066,-57.888,585.588,1,offscreen
9083,-15.172,613.293,1,offscreen
9100,4.652,537.488,1,am_bg
9116,,,0,invalid
9133,-51.664,445.68,1,offscreen
9150,,,0,invalid
9166,,,0,invalid
9183,151.046,524.434,1,am_distractors
9200,171.097,563.992,1,am_activity
9216,222.902,524.543,1,am_distractors
9233,241.406,555.738,1,am_bg
9250,235.415,535.636,1,am_distractors
9266,,,0,invalid
9283,352.284,600.882,1,am_activity
9300,291.478,655.776,1,am_activity
9316,191.91,665.724,1,am_distractors
9333,155.345,744.521,1,am_activity
9350,169.865,766.253,1,am_a1body
9366,229.54,772.904,1,am_distractors
9383,161.658,758.007,1,am_activity
9400,-9.063,726.918,1,offscreen
9416,-44.012,747.595,1,offscreen
9433,-57.314,752.557,1,offscreen
9450,,,0,invalid
9466,-188.917,789.075,1,offscreen
9483,-129.42,801.711,1,offscreen
9500,-124.061,900.855,1,offscreen
9516,-100.351,874.856,1,offscreen
9533,-124.751,896.144,1,offscreen
9550,-176.485,884.931,1,offscreen
9566,-201.38,763.717,1,offscreen
9583,-167.156,754.19,1,offscreen
9600,-269.463,708.073,1,offscreen
9616,-156.259,704.782,1,offscreen
9633,-116.822,703.482,1,offscreen
9650,-153.585,722.459,1,offscreen
9666,-97.783,696.35,1,offscreen
9683,-13.928,676.402,1,offscreen
9700,-36.59,710.907,1,offscreen
9716,-51.448,671.065,1,offscreen
9733,51.007,580.532,1,am_activity
9750,196.372,588.265,1,am_distractors
9766,198.391,640.998,1,am_a1body
9783,118.936,674.936,1,am_distractors
9800,86.652,683.578,1,am_activity
9816,157.518,745.165,1,am_distractors
9833,86.844,798.448,1,am_activity
9850,72.555,782.153,1,am_bg
9866,92.627,794.342,1,am_distractors
9883,29.327,808.645,1,am_distractors
9900,104.545,804.373,1,am_activity
9916,152.152,860.229,1,am_activity
9933,290.01,852.737,1,am_activity
9950,343.62,828.101,1,am_activity
9966,277.701,700.482,1,am_distractors
9983,314.085,661.17,1,am_activity
10000,381.865,596.393,1,am_distractors
10016,453.175,594.404,1,am_a1body
10033,399.882,532.667,1,am_distractors
10050,338.392,562.641,1,am_activity
10066,260.211,617.225,1,am_activity
10083,370.298,615.691,1,am_a1body
10100,413.029,567.234,1,am_distractors
10116,356.692,581.337,1,am_a1body
10133,365.417,674.58,1,am_distractors
10150,356.932,752.508,1,am_activity
10166,290.212,683.267,1,am_distractors
10183,292.694,612.198,1,am_activity
10200,305.776,528.506,1,am_activity
10216,438.263,472.516,1,am_bg
10233,393.282,484.905,1,am_bg
10250,276.014,457.491,1,am_distractors
10266,204.054,416.192,1,am_activity
10283,142.817,467.362,1,am_a1body
10300,113.529,493.466,1,am_activity
10316,41.737,409.519,1,am_a1body
10333,98.136,457.863,1,am_distractors
10350,21.574,482.783,1,am_distractors
10366,22.948,508.797,1,am_a1body
10383,160.164,480.704,1,am_a1body
10400,198.14,471.48,1,am_activity
10416,229.063,374.335,1,am_distractors
10433,356.478,417.029,1,am_activity
10450,441.931,367.838,1,am_a1body
10466,480.7,324.964,1,am_bg
10483,459.383,281.425,1,am_bg
10500,457.827,370.085,1,am_bg
10516,452.935,337.155,1,am_a1body
10533,425.397,383.556,1,am_activity
10550,,,0,invalid
10566,464.005,341.545,1,am_distractors
10583,378.621,291.789,1,am_a1body
10600,490.582,260.821,1,am_bg
10616,518.695,257.155,1,am_activity
10633,500.667,286.787,1,am_distractors
10650,515.84,263.593,1,am_distractors
10666,579.665,238.557,1,am_a1body
10683,479.048,195.165,1,am_a1body
10700,471.841,136.365,1,am_distractors
10716,390.489,73.446,1,am_distractors
10733,572.764,122.101,1,am_bg
10750,582.244,96.058,1,am_distractors
10766,501.449,74.377,1,am_a1body
10783,748.378,41.55,1,am_activity
10800,711.606,25.947,1,am_bg
10816,697.263,44.22,1,am_bg
10833,687.878,20.244,1,am_distractors
10850,629.707,29.144,1,am_activity
10866,646.676,98.983,1,am_bg
10883,495.016,58.619,1,am_a1body
10900,569.51,36.978,1,am_distractors
10916,492.141,68.547,1,am_a1body
10933,463.649,142.28,1,am_distractors
10950,515.205,81.103,1,am_bg
10966,501.178,-2.652,1,offscreen
10983,489.959,-2.682,1,offscreen
11000,420.528,-7.797,1,offscreen
11016,564.293,26.682,1,am_distractors
11033,600.754,53.647,1,am_activity
11050,526.473,51.974,1,am_a1body
11066,,,0,invalid
11083,459.567,70.106,1,am_activity
11100,577.727,80.525,1,am_a1body
11116,591.423,20.658,1,am_a1body
11133,524.499,18.584,1,am_distractors
11150,572.355,-53.369,1,offscreen
11166,553.278,-108.318,1,offscreen
11183,464.904,-24.137,1,offscreen
11200,491.044,-113.985,1,offscreen
11216,515.249,-124.654,1,offscreen
11233,593.3,-83.918,1,offscreen
11250,597.725,25.471,1,am_bg
11266,605.069,34.191,1,am_bg
11283,616.055,45.725,1,am_activity
11300,725.494,47.679,1,am_distractors
11316,704.222,99.742,1,am_bg
11333,736.428,121.001,1,am_a1body
11350,778.738,92.681,1,am_a1body
11366,,,0,invalid
11383,778.866,124.853,1,am_distractors
11400,787.14,46.137,1,am_activity
11416,780.715,-32.424,1,offscreen
11433,915.12,-42.326,1,offscreen
11450,883.716,-37.251,1,offscreen
11466,821.112,9.808,1,am_distractors
11483,820.686,41.364,1,am_activity
11500,815.425,45.297,1,am_distractors
11516,828.929,95.108,1,am_a1body
11533,797.547,95.735,1,am_distractors
11550,805.119,32.186,1,am_bg
11566,814.01,-42.097,1,offscreen
11583,876.162,20.871,1,am_bg
11600,882.543,-89.694,1,offscreen
11616,889.573,-99.579,1,offscreen
11633,924.995,47.258,1,am_distractors
11650,984.518,69.872,1,am_activity
11666,917.036,59.603,1,am_activity
11683,831.125,-23.348,1,offscreen
11700,947.437,56.299,1,am_a1body
11716,995.738,116.073,1,am_a1body
11733,980.688,149.795,1,am_activity
11750,982.039,149.768,1,am_distractors
11766,955.109,177.936,1,am_a1body
11783,969.603,170.618,1,am_activity
11800,902.933,122.69,1,am_activity
11816,960.57,169.784,1,am_distractors
11833,972.607,167.289,1,am_bg
11850,987.125,192.992,1,am_activity
11866,925.799,187.028,1,am_a1body
11883,961.764,209.77,1,am_distractors
11900,902.014,209.056,1,am_distractors
11916,854.532,204.498,1,am_distractors
11933,860.543,205.975,1,am_bg
11950,1032.55,351.781,1,am_bg
11966,1044.313,391.295,1,am_a1body
11983,868.089,518.644,1,am_a1body
12000,824.012,518.245,1,am_distractors
12016,870.917,503.026,1,am_a1body
12033,793.503,450.128,1,am_activity
12050,850.518,529.078,1,am_bg
12066,861.413,484.502,1,am_distractors
12083,,,0,invalid
12100,891.081,523.572,1,am_distractors
12116,847.397,567.235,1,am_activity
12133,886.156,488.886,1,am_activity
12150,,,0,invalid
12166,880.973,468.21,1,am_activity
12183,988.607,438.787,1,am_activity
12200,1030.052,430.449,1,am_distractors
12216,893.54,422.346,1,am_bg
12233,948.357,462.083,1,am_bg
12250,996.308,359.322,1,am_activity
12266,1077.595,331.601,1,am_a1body
12283,1013.13,393.385,1,am_distractors
12300,1035.412,421.084,1,am_bg
12316,1043.07,483.688,1,am_activity
12333,977.375,521.054,1,am_a1body
12350,1042.324,467.697,1,am_a1body
12366,,,0,invalid
12383,1104.833,505.176,1,am_activity
12400,,,0,invalid
12416,953.673,656.367,1,am_distractors
12433,937.033,682.14,1,am_bg
12450,952.943,715.106,1,am_a1body
12466,916.296,738.194,1,am_bg
12483,706.069,759.95,1,am_bg
12500,732.388,746.836,1,am_a1body
12516,758.387,773.205,1,am_activity
12533,805.528,819.912,1,am_a1body
12549,779.425,872.127,1,am_a1body
12566,749.58,918.374,1,am_distractors
12583,848.388,992.637,1,am_bg
12599,740.313,1047.933,1,am_activity
12616,723.36,1078.884,1,offscreen
12633,733.122,1022.565,1,am_bg
12649,774.697,966.266,1,am_a1body
12666,786.343,954.047,1,am_activity
12683,723.093,956.349,1,am_activity
12699,803.193,1025.193,1,am_activity
12716,803.324,888.308,1,am_activity
12733,688.896,837.428,1,am_distractors
12749,703.246,827.864,1,am_activity
12766,735.851,778.774,1,am_a1body
12783,870.361,739.472,1,am_distractors
12799,898.402,714.891,1,am_a1body
12816,796.732,668.314,1,am_a1body
12833,697.473,630.277,1,am_bg
12849,783.822,697.408,1,am_activity
12866,728.749,727.66,1,am_activity
12883,622.445,765.28,1,am_a1body
12899,691.081,763.6,1,am_activity
12916,658.445,813.391,1,am_distractors
12933,723.412,855.14,1,am_bg
12949,660.661,884.615,1,am_activity
12966,761.767,852.401,1,am_activity
12983,821.592,830.633,1,am_distractors
12999,772.014,882.74,1,am_bg
13016,658.109,857.294,1,am_distractors
13033,816.247,793.841,1,am_a1body
13049,801.826,767.445,1,am_a1body
13066,749.502,844.237,1,am_activity
13083,844.605,817.89,1,am_bg
13099,909.485,834.025,1,am_a1body
13116,990.627,803.706,1,am_distractors
13133,983.869,841.3,1,am_a1body
13149,1112.913,867.735,1,am_a1body
13166,1023.002,794.302,1,am_distractors
13183,985.131,807.501,1,am_activity
13199,1011.877,724.643,1,am_bg
13216,1092.011,697.359,1,am_activity
13233,1137.368,696.795,1,am_distractors
13249,1131.683,787.743,1,am_a1body
13266,1099.087,803.399,1,am_bg
13283,1179.592,765.624,1,am_activity
13299,1232.031,750.003,1,am_distractors
13316,1172.037,795.515,1,am_a1body
13333,1110.003,758.408,1,am_a1body
13349,1072.581,812.428,1,am_activity
13366,1026.36,786.671,1,am_distractors
13383,1097.009,741.597,1,am_a1body
13399,1126.901,717.417,1,am_a1body
13416,1165.166,637.824,1,am_bg
13433,1178.315,530.837,1,am_a1body
13449,1194.695,526.773,1,am_activity
13466,1086.18,523.459,1,am_distractors
13483,1140.662,536.088,1,am_distractors
13499,1102.006,531.781,1,am_bg
13516,1099.732,646.483,1,am_distractors
13533,1067.271,654.776,1,am_activity
13549,1077.278,586.993,1,am_a1body
13566,1116.594,531.844,1,am_bg
13583,1047.384,531.859,1,am_distractors
13599,,,0,invalid
13616,1033.921,449.921,1,am_bg
13633,1124.575,447.023,1,am_bg
13649,1048.11,444.845,1,am_distractors
13666,979.336,523.424,1,am_bg
13683,954.669,478.312,1,am_distractors
13699,891.168,457.741,1,am_activity
13716,875.775,536.168,1,am_distractors
13733,839.561,552.349,1,am_a1body
13749,845.627,506.948,1,am_distractors
13766,914.782,471.752,1,am_a1body
13783,919.672,411.961,1,am_bg
13799,930.81,415.767,1,am_distractors
13816,858.276,466.545,1,am_a1body
13833,849.079,546.858,1,am_distractors
13849,820.146,473.667,1,am_distractors
13866,866.908,516.466,1,am_distractors
13883,814.457,524.558,1,am_activity
13899,755.415,511.659,1,am_a1body
13916,777.191,491.108,1,am_activity
13933,913.029,396.512,1,am_activity
13949,900.959,427.93,1,am_a1body
13966,912.498,362.984,1,am_distractors
13983,977.534,326.14,1,am_activity
13999,1012.514,346.723,1,am_activity
14016,1047.946,257.264,1,am_activity
14033,1041.415,192.222,1,am_distractors
14049,1036.22,252.235,1,am_activity
14066,,,0,invalid
14083,1017.781,225.636,1,am_bg
14099,,,0,invalid
14116,1098.781,264.808,1,am_a1body
14133,1065.296,320.197,1,am_bg
14149,1122.244,265.415,1,am_distractors
14166,1199.993,214.948,1,am_activity
14183,1116.713,244.905,1,am_a1body
14199,1096.348,276.442,1,am_activity
14216,1176.956,210.259,1,am_distractors
14233,1132.395,161.64,1,am_a1body
14249,1168.669,152.099,1,am_bg
14266,1169.258,153.26,1,am_a1body
14283,1191.957,155.817,1,am_activity
14299,1194.636,88.878,1,am_a1body
14316,1245.825,90.938,1,am_distractors
14333,1175.747,55.611,1,am_distractors
14349,1113.091,-1.823,1,offscreen
14366,1213.559,-2.365,1,offscreen
14383,1357.648,-7.929,1,offscreen
14399,1357.276,31.55,1,am_a1body
14416,1474.946,-10.848,1,offscreen
14433,1422.001,0.733,1,am_distractors
14449,1385.533,-76.516,1,offscreen
14466,1485.519,-90.051,1,offscreen
14483,,,0,invalid
14499,1650.886,-40.23,1,offscreen
14516,1683.03,-12.908,1,offscreen
14533,1613.567,26.703,1,am_distractors
14549,1628.905,4.75,1,am_distractors
14566,1711.365,29.162,1,offscreen
14583,1702.259,121.187,1,offscreen
14599,1682.609,98.184,1,offscreen
14616,1715.802,166.151,1,offscreen
14633,1677.419,209.312,1,am_bg
14649,1697.691,196.197,1,offscreen
14666,1702.047,187.191,1,offscreen
14683,1668.404,193.022,1,am_activity
14699,1735.684,233.411,1,offscreen
14716,1780.0,253.238,1,offscreen
14733,1755.738,229.847,1,offscreen
14749,1754.711,127.318,1,offscreen
14766,1736.101,160.419,1,offscreen
14783,1692.289,65.254,1,offscreen
14799,1575.785,-2.013,1,offscreen
14816,1542.593,-21.833,1,offscreen
14833,1499.784,-81.619,1,offscreen
14849,1507.666,-65.983,1,offscreen
14866,,,0,invalid
14883,1482.867,-41.9,1,offscreen
14899,1508.49,-121.071,1,offscreen
14916,1442.89,-153.666,1,offscreen
14933,1434.295,-153.459,1,offscreen
14949,1392.968,-151.355,1,offscreen
14966,1444.156,-117.178,1,offscreen
14983,,,0,invalid
14999,1444.609,-185.263,1,offscreen
